"module name","license","repository"
"@azure/abort-controller@1.0.2","MIT","https://github.com/Azure/azure-sdk-for-js"
"@azure/core-auth@1.2.0","MIT","https://github.com/Azure/azure-sdk-for-js"
"@azure/ms-rest-azure-env@1.1.2","MIT","https://github.com/Azure/ms-rest-azure-env"
"@azure/ms-rest-js@1.11.2","MIT","https://github.com/Azure/ms-rest-js"
"@azure/ms-rest-nodeauth@2.0.2","MIT","https://github.com/Azure/ms-rest-nodeauth"
"@babel/code-frame@7.12.11","MIT","https://github.com/babel/babel"
"@babel/helper-validator-identifier@7.12.11","MIT","https://github.com/babel/babel"
"@babel/highlight@7.12.13","MIT","https://github.com/babel/babel"
"@babel/runtime@7.12.18","MIT","https://github.com/babel/babel"
"@eslint/eslintrc@0.3.0","MIT","https://github.com/eslint/eslintrc"
"@formio/bootstrap3@2.7.0","MIT","https://github.com/formio/bootstrap3"
"@formio/semantic@2.5.0","MIT","https://github.com/formio/semantic"
"@nodelib/fs.scandir@2.1.4","MIT","https://github.com/nodelib/nodelib/tree/master/packages/fs/fs.scandir"
"@nodelib/fs.stat@2.0.4","MIT","https://github.com/nodelib/nodelib/tree/master/packages/fs/fs.stat"
"@nodelib/fs.walk@1.2.6","MIT","https://github.com/nodelib/nodelib/tree/master/packages/fs/fs.walk"
"@sphinxxxx/color-conversion@2.2.2","ISC","https://github.com/Sphinxxxx/color-conversion"
"@types/body-parser@1.19.0","MIT","https://github.com/DefinitelyTyped/DefinitelyTyped"
"@types/bson@4.0.3","MIT","https://github.com/DefinitelyTyped/DefinitelyTyped"
"@types/connect@3.4.34","MIT","https://github.com/DefinitelyTyped/DefinitelyTyped"
"@types/cookiejar@2.1.2","MIT","https://github.com/DefinitelyTyped/DefinitelyTyped"
"@types/cors@2.8.10","MIT","https://github.com/DefinitelyTyped/DefinitelyTyped"
"@types/debug@4.1.5","MIT","https://github.com/DefinitelyTyped/DefinitelyTyped"
"@types/express-serve-static-core@4.17.18","MIT","https://github.com/DefinitelyTyped/DefinitelyTyped"
"@types/express@4.17.11","MIT","https://github.com/DefinitelyTyped/DefinitelyTyped"
"@types/faker@5.1.7","MIT","https://github.com/DefinitelyTyped/DefinitelyTyped"
"@types/json-schema@7.0.7","MIT","https://github.com/DefinitelyTyped/DefinitelyTyped"
"@types/knex@0.16.1","MIT","https://github.com/tgriesser/knex"
"@types/lodash@4.14.168","MIT","https://github.com/DefinitelyTyped/DefinitelyTyped"
"@types/method-override@0.0.31","MIT","https://github.com/DefinitelyTyped/DefinitelyTyped"
"@types/mime@1.3.2","MIT","https://github.com/DefinitelyTyped/DefinitelyTyped"
"@types/mocha@8.2.1","MIT","https://github.com/DefinitelyTyped/DefinitelyTyped"
"@types/mongodb@3.6.8","MIT","https://github.com/DefinitelyTyped/DefinitelyTyped"
"@types/mssql@6.0.7","MIT","https://github.com/DefinitelyTyped/DefinitelyTyped"
"@types/mysql@2.15.17","MIT","https://github.com/DefinitelyTyped/DefinitelyTyped"
"@types/node-fetch@2.5.8","MIT","https://github.com/DefinitelyTyped/DefinitelyTyped"
"@types/node@12.20.2","MIT","https://github.com/DefinitelyTyped/DefinitelyTyped"
"@types/node@14.14.29","MIT","https://github.com/DefinitelyTyped/DefinitelyTyped"
"@types/node@8.10.66","MIT","https://github.com/DefinitelyTyped/DefinitelyTyped"
"@types/pg@7.14.10","MIT","https://github.com/DefinitelyTyped/DefinitelyTyped"
"@types/qs@6.9.5","MIT","https://github.com/DefinitelyTyped/DefinitelyTyped"
"@types/range-parser@1.2.3","MIT","https://github.com/DefinitelyTyped/DefinitelyTyped"
"@types/readable-stream@2.3.9","MIT","https://github.com/DefinitelyTyped/DefinitelyTyped"
"@types/serve-static@1.13.9","MIT","https://github.com/DefinitelyTyped/DefinitelyTyped"
"@types/superagent@4.1.10","MIT","https://github.com/DefinitelyTyped/DefinitelyTyped"
"@types/supertest@2.0.10","MIT","https://github.com/DefinitelyTyped/DefinitelyTyped"
"@types/tedious@4.0.3","MIT","https://github.com/DefinitelyTyped/DefinitelyTyped"
"@types/uuid@8.3.0","MIT","https://github.com/DefinitelyTyped/DefinitelyTyped"
"@types/vue@2.0.0","MIT","https://github.com/vuejs/vue"
"@typescript-eslint/eslint-plugin@4.15.1","MIT","https://github.com/typescript-eslint/typescript-eslint"
"@typescript-eslint/experimental-utils@4.15.1","MIT","https://github.com/typescript-eslint/typescript-eslint"
"@typescript-eslint/parser@4.15.1","BSD-2-Clause","https://github.com/typescript-eslint/typescript-eslint"
"@typescript-eslint/scope-manager@4.15.1","MIT","https://github.com/typescript-eslint/typescript-eslint"
"@typescript-eslint/types@4.15.1","MIT","https://github.com/typescript-eslint/typescript-eslint"
"@typescript-eslint/typescript-estree@4.15.1","BSD-2-Clause","https://github.com/typescript-eslint/typescript-eslint"
"@typescript-eslint/visitor-keys@4.15.1","MIT","https://github.com/typescript-eslint/typescript-eslint"
"@ungap/promise-all-settled@1.1.2","ISC","https://github.com/ungap/promise-all-settled"
"@vendia/serverless-express@3.4.0","Apache-2.0","https://github.com/vendia/serverless-express"
"JSONStream@1.3.5","(MIT OR Apache-2.0)","https://github.com/dominictarr/JSONStream"
"a-sync-waterfall@1.0.1","MIT","https://github.com/hydiak/a-sync-waterfall"
"abab@1.0.4","ISC","https://github.com/jsdom/abab"
"abort-controller@3.0.0","MIT","https://github.com/mysticatea/abort-controller"
"accepts@1.3.7","MIT","https://github.com/jshttp/accepts"
"access-control@1.0.1","MIT","https://github.com/primus/access-control"
"acorn-globals@1.0.9","MIT","https://github.com/ForbesLindesay/acorn-globals"
"acorn-jsx@5.3.1","MIT","https://github.com/acornjs/acorn-jsx"
"acorn@2.7.0","MIT","https://github.com/ternjs/acorn"
"acorn@7.4.1","MIT","https://github.com/acornjs/acorn"
"adal-node@0.1.28","Apache-2.0","https://github.com/AzureAD/azure-activedirectory-library-for-nodejs"
"addressparser@1.0.1","MIT","https://github.com/andris9/addressparser"
"adm-zip@0.5.3","MIT","https://github.com/cthackers/adm-zip"
"agent-base@4.2.1","MIT","https://github.com/TooTallNate/node-agent-base"
"agent-base@4.3.0","MIT","https://github.com/TooTallNate/node-agent-base"
"agent-base@6.0.2","MIT","https://github.com/TooTallNate/node-agent-base"
"ajv@6.12.6","MIT","https://github.com/ajv-validator/ajv"
"ajv@7.1.1","MIT","https://github.com/ajv-validator/ajv"
"alfresco-js-api-node@2.6.1","Apache-2.0","https://github.com/Alfresco/alfresco-js-api"
"align-text@0.1.4","MIT","https://github.com/jonschlinkert/align-text"
"ansi-colors@4.1.1","MIT","https://github.com/doowb/ansi-colors"
"ansi-escapes@1.4.0","MIT","https://github.com/sindresorhus/ansi-escapes"
"ansi-regex@2.1.1","MIT","https://github.com/chalk/ansi-regex"
"ansi-regex@3.0.0","MIT","https://github.com/chalk/ansi-regex"
"ansi-regex@5.0.0","MIT","https://github.com/chalk/ansi-regex"
"ansi-styles@2.2.1","MIT","https://github.com/chalk/ansi-styles"
"ansi-styles@3.2.1","MIT","https://github.com/chalk/ansi-styles"
"ansi-styles@4.3.0","MIT","https://github.com/chalk/ansi-styles"
"anymatch@3.1.1","ISC","https://github.com/micromatch/anymatch"
"append-field@1.0.0","MIT","https://github.com/LinusU/node-append-field"
"arg@4.1.3","MIT","https://github.com/zeit/arg"
"argparse@1.0.10","MIT","https://github.com/nodeca/argparse"
"argparse@2.0.1","Python-2.0","https://github.com/nodeca/argparse"
"arr-diff@4.0.0","MIT","https://github.com/jonschlinkert/arr-diff"
"arr-flatten@1.1.0","MIT","https://github.com/jonschlinkert/arr-flatten"
"arr-union@3.1.0","MIT","https://github.com/jonschlinkert/arr-union"
"array-each@1.0.1","MIT","https://github.com/jonschlinkert/array-each"
"array-filter@1.0.0","MIT","https://github.com/juliangruber/array-filter"
"array-flatten@1.1.1","MIT","https://github.com/blakeembrey/array-flatten"
"array-slice@1.1.0","MIT","https://github.com/jonschlinkert/array-slice"
"array-union@2.1.0","MIT","https://github.com/sindresorhus/array-union"
"array-unique@0.3.2","MIT","https://github.com/jonschlinkert/array-unique"
"asap@2.0.6","MIT","https://github.com/kriskowal/asap"
"asn1@0.2.4","MIT","https://github.com/joyent/node-asn1"
"assert-plus@1.0.0","MIT","https://github.com/mcavage/node-assert-plus"
"assertion-error@1.0.0","MIT","https://github.com/chaijs/assertion-error"
"assign-symbols@1.0.0","MIT","https://github.com/jonschlinkert/assign-symbols"
"ast-types@0.14.2","MIT","https://github.com/benjamn/ast-types"
"astral-regex@2.0.0","MIT","https://github.com/kevva/astral-regex"
"async-limiter@1.0.1","MIT","https://github.com/strml/async-limiter"
"async@0.2.10","MIT","https://github.com/caolan/async"
"async@0.9.2","MIT","https://github.com/caolan/async"
"async@1.5.2","MIT","https://github.com/caolan/async"
"async@2.6.3","MIT","https://github.com/caolan/async"
"async@3.2.0","MIT","https://github.com/caolan/async"
"asyncemit@3.0.1","MIT","https://github.com/primus/asyncemit"
"asynckit@0.4.0","MIT","https://github.com/alexindigo/asynckit"
"at-least-node@1.0.0","ISC","https://github.com/RyanZim/at-least-node"
"atoa@1.0.0","MIT","https://github.com/bevacqua/atoa"
"atob@2.1.2","(MIT OR Apache-2.0)","git://git.coolaj86.com/coolaj86/atob.js"
"aurelia-binding@1.7.3","MIT","https://github.com/aurelia/binding"
"aurelia-binding@2.5.4","MIT","https://github.com/aurelia/binding"
"aurelia-dependency-injection@1.5.2","MIT","https://github.com/aurelia/dependency-injection"
"aurelia-event-aggregator@1.0.3","MIT","https://github.com/aurelia/event-aggregator"
"aurelia-framework@1.3.1","MIT","https://github.com/aurelia/framework"
"aurelia-loader@1.0.2","MIT","https://github.com/aurelia/loader"
"aurelia-logging@1.5.2","MIT","https://github.com/aurelia/logging"
"aurelia-metadata@1.0.7","MIT","https://github.com/aurelia/metadata"
"aurelia-pal@1.8.2","MIT","https://github.com/aurelia/pal"
"aurelia-path@1.1.5","MIT","https://github.com/aurelia/path"
"aurelia-task-queue@1.3.3","MIT","https://github.com/aurelia/task-queue"
"aurelia-templating-binding@1.5.3","MIT","https://github.com/aurelia/templating-binding"
"aurelia-templating@1.10.4","MIT","https://github.com/aurelia/templating"
"autocompleter@6.1.0","MIT","https://github.com/kraaden/autocomplete"
"available-typed-arrays@1.0.2","MIT","https://github.com/inspect-js/available-typed-arrays"
"aws-serverless-express@3.4.0","Apache-2.0","https://github.com/awslabs/aws-serverless-express"
"aws-sign2@0.7.0","Apache-2.0","https://github.com/mikeal/aws-sign"
"aws4@1.11.0","MIT","https://github.com/mhart/aws4"
"axios@0.21.1","MIT","https://github.com/axios/axios"
"babel-code-frame@6.26.0","MIT","https://github.com/babel/babel/tree/master/packages/babel-code-frame"
"babel-generator@6.26.1","MIT","https://github.com/babel/babel/tree/master/packages/babel-generator"
"babel-messages@6.23.0","MIT","https://github.com/babel/babel/tree/master/packages/babel-messages"
"babel-polyfill@6.23.0","MIT","https://github.com/babel/babel/tree/master/packages/babel-polyfill"
"babel-polyfill@6.26.0","MIT","https://github.com/babel/babel/tree/master/packages/babel-polyfill"
"babel-runtime@6.26.0","MIT","https://github.com/babel/babel/tree/master/packages/babel-runtime"
"babel-traverse@6.26.0","MIT","https://github.com/babel/babel/tree/master/packages/babel-traverse"
"babel-types@6.26.0","MIT","https://github.com/babel/babel/tree/master/packages/babel-types"
"babylon@6.18.0","MIT","https://github.com/babel/babylon"
"balanced-match@1.0.0","MIT","https://github.com/juliangruber/balanced-match"
"base@0.11.2","MIT","https://github.com/node-base/base"
"basic-auth-connect@1.0.0","MIT","https://github.com/expressjs/basic-auth-connect"
"basic-auth@2.0.1","MIT","https://github.com/jshttp/basic-auth"
"bcrypt-pbkdf@1.0.2","BSD-3-Clause","https://github.com/joyent/node-bcrypt-pbkdf"
"bcryptjs@2.4.3","MIT","https://github.com/dcodeIO/bcrypt.js"
"bignumber.js@9.0.0","MIT","https://github.com/MikeMcl/bignumber.js"
"binary-case@1.1.4","Apache-2.0","https://github.com/Gi60s/binary-case"
"binary-extensions@2.2.0","MIT","https://github.com/sindresorhus/binary-extensions"
"bl@2.2.1","MIT","https://github.com/rvagg/bl"
"bl@3.0.1","MIT","https://github.com/rvagg/bl"
"bluebird@3.5.1","MIT","https://github.com/petkaantonov/bluebird"
"bluebird@3.7.2","MIT","https://github.com/petkaantonov/bluebird"
"body-parser@1.19.0","MIT","https://github.com/expressjs/body-parser"
"boolbase@1.0.0","ISC","https://github.com/fb55/boolbase"
"bootstrap@4.6.0","MIT","https://github.com/twbs/bootstrap"
"bootswatch@4.6.0","MIT","https://github.com/thomaspark/bootswatch"
"brace-expansion@1.1.11","MIT","https://github.com/juliangruber/brace-expansion"
"braces@2.3.2","MIT","https://github.com/micromatch/braces"
"braces@3.0.2","MIT","https://github.com/micromatch/braces"
"browser-cookies@1.2.0","Public Domain","https://github.com/voltace/browser-cookies"
"browser-stdout@1.3.1","ISC","https://github.com/kumavis/browser-stdout"
"bson@1.1.5","Apache-2.0","https://github.com/mongodb/js-bson"
"buffer-equal-constant-time@1.0.1","BSD-3-Clause","https://github.com/goinstant/buffer-equal-constant-time"
"buffer-from@1.1.1","MIT","https://github.com/LinusU/buffer-from"
"buffer-writer@2.0.0","MIT","https://github.com/brianc/node-buffer-writer"
"busboy@0.2.14","MIT","https://github.com/mscdex/busboy"
"bytes@3.1.0","MIT","https://github.com/visionmedia/bytes.js"
"cache-base@1.0.1","MIT","https://github.com/jonschlinkert/cache-base"
"call-bind@1.0.2","MIT","https://github.com/ljharb/call-bind"
"callsites@3.1.0","MIT","https://github.com/sindresorhus/callsites"
"camelcase@1.2.1","MIT","https://github.com/sindresorhus/camelcase"
"camelcase@4.1.0","MIT","https://github.com/sindresorhus/camelcase"
"camelcase@6.2.0","MIT","https://github.com/sindresorhus/camelcase"
"caseless@0.12.0","Apache-2.0","https://github.com/mikeal/caseless"
"center-align@0.1.3","MIT","https://github.com/jonschlinkert/center-align"
"chai@2.3.0","MIT","https://github.com/chaijs/chai"
"chalk@1.1.3","MIT","https://github.com/chalk/chalk"
"chalk@2.4.2","MIT","https://github.com/chalk/chalk"
"chalk@4.1.0","MIT","https://github.com/chalk/chalk"
"chance@1.1.7","MIT","https://github.com/chancejs/chancejs"
"chardet@0.4.2","MIT","https://github.com/runk/node-chardet"
"cheerio@0.20.0","MIT","https://github.com/cheeriojs/cheerio"
"cheerio@1.0.0-rc.2","MIT","https://github.com/cheeriojs/cheerio"
"choices.js@3.0.4","MIT","https://github.com/jshjohnson/Choices"
"choices.js@9.0.1","MIT","https://github.com/jshjohnson/Choices"
"chokidar@3.5.1","MIT","https://github.com/paulmillr/chokidar"
"class-utils@0.3.6","MIT","https://github.com/jonschlinkert/class-utils"
"classnames@2.2.6","MIT","https://github.com/JedWatson/classnames"
"cli-cursor@2.1.0","MIT","https://github.com/sindresorhus/cli-cursor"
"cli-width@2.2.1","ISC","https://github.com/knownasilya/cli-width"
"cliui@2.1.0","ISC","https://github.com/bcoe/cliui"
"cliui@3.2.0","ISC","https://github.com/yargs/cliui"
"cliui@7.0.4","ISC","https://github.com/yargs/cliui"
"clone@2.1.2","MIT","https://github.com/pvorb/node-clone"
"co@4.6.0","MIT","https://github.com/tj/co"
"code-point-at@1.1.0","MIT","https://github.com/sindresorhus/code-point-at"
"collection-visit@1.0.0","MIT","https://github.com/jonschlinkert/collection-visit"
"color-convert@1.9.3","MIT","https://github.com/Qix-/color-convert"
"color-convert@2.0.1","MIT","https://github.com/Qix-/color-convert"
"color-logger@0.0.3","MIT","https://github.com/h13i32maru/color-logger"
"color-logger@0.0.6","MIT","https://github.com/h13i32maru/color-logger"
"color-name@1.1.3","MIT","https://github.com/dfcreative/color-name"
"color-name@1.1.4","MIT","https://github.com/colorjs/color-name"
"color-string@1.5.4","MIT","https://github.com/Qix-/color-string"
"color@3.0.0","MIT","https://github.com/Qix-/color"
"colorette@1.2.1","MIT","https://github.com/jorgebucaran/colorette"
"colornames@1.1.1","MIT","https://github.com/timoxley/colornames"
"colors@0.6.2","Custom: http://i.imgur.com/goJdO.png","https://github.com/Marak/colors.js"
"colors@1.4.0","MIT","https://github.com/Marak/colors.js"
"colorspace@1.1.2","MIT","https://github.com/3rd-Eden/colorspace"
"combined-stream@1.0.8","MIT","https://github.com/felixge/node-combined-stream"
"commander@5.1.0","MIT","https://github.com/tj/commander.js"
"commander@6.2.1","MIT","https://github.com/tj/commander.js"
"compare-versions@3.6.0","MIT","https://github.com/omichelsen/compare-versions"
"component-emitter@1.3.0","MIT","https://github.com/component/emitter"
"concat-map@0.0.1","MIT","https://github.com/substack/node-concat-map"
"concat-stream@1.6.2","MIT","https://github.com/maxogden/concat-stream"
"config@3.3.3","MIT","https://github.com/lorenwest/node-config"
"connected@0.0.2","MIT","https://github.com/3rd-Eden/connected"
"consolidate@0.15.1","MIT","https://github.com/tj/consolidate.js"
"content-disposition@0.5.3","MIT","https://github.com/jshttp/content-disposition"
"content-type@1.0.4","MIT","https://github.com/jshttp/content-type"
"contra@1.9.4","MIT","https://github.com/bevacqua/contra"
"cookie-signature@1.0.6","MIT","https://github.com/visionmedia/node-cookie-signature"
"cookie@0.4.0","MIT","https://github.com/jshttp/cookie"
"cookiejar@2.1.2","MIT","https://github.com/bmeck/node-cookiejar"
"copy-descriptor@0.1.1","MIT","https://github.com/jonschlinkert/copy-descriptor"
"core-js@2.6.12","MIT","https://github.com/zloirock/core-js"
"core-js@3.5.0","MIT","https://github.com/zloirock/core-js"
"core-js@3.9.0","MIT","https://github.com/zloirock/core-js"
"core-util-is@1.0.2","MIT","https://github.com/isaacs/core-util-is"
"cors@2.8.5","MIT","https://github.com/expressjs/cors"
"create-server@1.0.2","MIT","https://github.com/primus/create-server"
"cross-spawn@5.1.0","MIT","https://github.com/IndigoUnited/node-cross-spawn"
"cross-spawn@7.0.3","MIT","https://github.com/moxystudio/node-cross-spawn"
"crossvent@1.5.5","MIT","https://github.com/bevacqua/crossvent"
"css-select@1.2.0","BSD*","https://github.com/fb55/css-select"
"css-what@2.1.3","BSD-2-Clause","https://github.com/fb55/css-what"
"cssom@0.3.8","MIT","https://github.com/NV/CSSOM"
"cssstyle@0.2.37","MIT","https://github.com/chad3814/CSSStyleDeclaration"
"csv-generate@3.3.0","MIT","https://github.com/adaltas/node-csv-generate"
"csv-parse@4.15.1","MIT","https://github.com/wdavidw/node-csv-parse"
"csv-stringify@5.6.1","MIT","https://github.com/adaltas/node-csv-stringify"
"csv@5.3.2","MIT","https://github.com/adaltas/node-csv"
"custom-event-polyfill@0.3.0","MIT","https://github.com/krambuhl/custom-event-polyfill"
"custom-event-polyfill@1.0.7","MIT","https://github.com/kumarharsh/custom-event-polyfill"
"custom-event@1.0.1","MIT","https://github.com/webmodules/custom-event"
"cycle@1.0.3","Custom: https://github.com/douglascrockford/JSON-js","https://github.com/dscape/cycle"
"d@0.1.1","MIT","https://github.com/medikoo/d"
"d@1.0.1","ISC","https://github.com/medikoo/d"
"dashdash@1.14.1","MIT","https://github.com/trentm/node-dashdash"
"data-uri-to-buffer@1.2.0","MIT","https://github.com/TooTallNate/node-data-uri-to-buffer"
"date-utils@1.2.21","MIT","https://github.com/JerrySievert/date-utils"
"debug@2.6.9","MIT","https://github.com/visionmedia/debug"
"debug@3.1.0","MIT","https://github.com/visionmedia/debug"
"debug@3.2.7","MIT","https://github.com/visionmedia/debug"
"debug@4.3.1","MIT","https://github.com/visionmedia/debug"
"decamelize@1.2.0","MIT","https://github.com/sindresorhus/decamelize"
"decamelize@4.0.0","MIT","https://github.com/sindresorhus/decamelize"
"decode-uri-component@0.2.0","MIT","https://github.com/SamVerschueren/decode-uri-component"
"deep-eql@0.1.3","MIT","https://github.com/chaijs/deep-eql"
"deep-equal@1.1.1","MIT","https://github.com/substack/node-deep-equal"
"deep-equal@2.0.5","MIT","https://github.com/inspect-js/node-deep-equal"
"deep-is@0.1.3","MIT","https://github.com/thlorenz/deep-is"
"deepmerge@4.2.2","MIT","https://github.com/TehShrike/deepmerge"
"define-properties@1.1.3","MIT","https://github.com/ljharb/define-properties"
"define-property@0.2.5","MIT","https://github.com/jonschlinkert/define-property"
"define-property@1.0.0","MIT","https://github.com/jonschlinkert/define-property"
"define-property@2.0.2","MIT","https://github.com/jonschlinkert/define-property"
"degenerator@1.0.4","MIT","https://github.com/TooTallNate/node-degenerator"
"delayed-stream@1.0.0","MIT","https://github.com/felixge/node-delayed-stream"
"delete-property@0.0.4","MIT","https://github.com/rahatarmanahmed/delete-property"
"denque@1.5.0","Apache-2.0","https://github.com/invertase/denque"
"depd@1.1.2","MIT","https://github.com/dougwilson/nodejs-depd"
"depd@2.0.0","MIT","https://github.com/dougwilson/nodejs-depd"
"destroy@1.0.4","MIT","https://github.com/stream-utils/destroy"
"detect-file@1.0.0","MIT","https://github.com/doowb/detect-file"
"detect-indent@4.0.0","MIT","https://github.com/sindresorhus/detect-indent"
"diagnostics@1.1.1","MIT","https://github.com/bigpipe/diagnostics"
"diagnostics@2.0.2","MIT","https://github.com/3rd-Eden/diagnostics"
"dialog-polyfill@0.4.10","BSD*","https://github.com/GoogleChrome/dialog-polyfill"
"dialog-polyfill@0.5.6","BSD*","https://github.com/GoogleChrome/dialog-polyfill"
"dicer@0.2.5","MIT","https://github.com/mscdex/dicer"
"diff@4.0.2","BSD-3-Clause","https://github.com/kpdecker/jsdiff"
"diff@5.0.0","BSD-3-Clause","https://github.com/kpdecker/jsdiff"
"dir-glob@3.0.1","MIT","https://github.com/kevva/dir-glob"
"doctrine@3.0.0","Apache-2.0","https://github.com/eslint/doctrine"
"dom-serializer@0.1.1","MIT","https://github.com/cheeriojs/dom-renderer"
"dom-serializer@0.2.2","MIT","https://github.com/cheeriojs/dom-renderer"
"domelementtype@1.3.1","BSD-2-Clause","https://github.com/fb55/domelementtype"
"domelementtype@2.1.0","BSD-2-Clause","https://github.com/fb55/domelementtype"
"domhandler@2.3.0","BSD*","https://github.com/fb55/DomHandler"
"domhandler@2.4.2","BSD-2-Clause","https://github.com/fb55/DomHandler"
"dompurify@2.0.11","MPL-2.0 OR Apache-2.0","https://github.com/cure53/DOMPurify"
"dompurify@2.2.6","(MPL-2.0 OR Apache-2.0)","https://github.com/cure53/DOMPurify"
"domutils@1.5.1","BSD*","https://github.com/FB55/domutils"
"domutils@1.7.0","BSD-2-Clause","https://github.com/FB55/domutils"
"dotenv@8.2.0","BSD-2-Clause","https://github.com/motdotla/dotenv"
"downloadjs@1.4.7","MIT","https://github.com/rndme/download"
"dragula@3.7.3","MIT","https://github.com/bevacqua/dragula"
"ecc-jsbn@0.1.2","MIT","https://github.com/quartzjer/ecc-jsbn"
"ecdsa-sig-formatter@1.0.11","Apache-2.0","https://github.com/Brightspace/node-ecdsa-sig-formatter"
"ee-first@1.1.1","MIT","https://github.com/jonathanong/ee-first"
"emits@3.0.0","MIT","https://github.com/primus/emits"
"emoji-regex@8.0.0","MIT","https://github.com/mathiasbynens/emoji-regex"
"enabled@1.0.2","MIT","https://github.com/bigpipe/enabled"
"enabled@2.0.0","MIT","https://github.com/3rd-Eden/enabled"
"encodeurl@1.0.2","MIT","https://github.com/pillarjs/encodeurl"
"encoding@0.1.13","MIT","https://github.com/andris9/encoding"
"enquirer@2.3.6","MIT","https://github.com/enquirer/enquirer"
"entities@1.0.0","BSD*","https://github.com/fb55/node-entities"
"entities@1.1.2","BSD-2-Clause","https://github.com/fb55/entities"
"entities@2.2.0","BSD-2-Clause","https://github.com/fb55/entities"
"env-variable@0.0.6","MIT","https://github.com/3rd-Eden/env-variable"
"error-ex@1.3.2","MIT","https://github.com/qix-/node-error-ex"
"es-abstract@1.18.0-next.2","MIT","https://github.com/ljharb/es-abstract"
"es-get-iterator@1.1.2","MIT","https://github.com/ljharb/es-get-iterator"
"es-to-primitive@1.2.1","MIT","https://github.com/ljharb/es-to-primitive"
"es5-ext@0.10.53","ISC","https://github.com/medikoo/es5-ext"
"es6-iterator@2.0.3","MIT","https://github.com/medikoo/es6-iterator"
"es6-promise@4.2.8","MIT","https://github.com/stefanpenner/es6-promise"
"es6-promisify@5.0.0","MIT","https://github.com/digitaldesignlabs/es6-promisify"
"es6-symbol@3.1.3","ISC","https://github.com/medikoo/es6-symbol"
"escalade@3.1.1","MIT","https://github.com/lukeed/escalade"
"escape-html@1.0.3","MIT","https://github.com/component/escape-html"
"escape-string-regexp@1.0.5","MIT","https://github.com/sindresorhus/escape-string-regexp"
"escape-string-regexp@4.0.0","MIT","https://github.com/sindresorhus/escape-string-regexp"
"escodegen@1.14.3","BSD-2-Clause","https://github.com/estools/escodegen"
"esdoc-coverage-plugin@1.1.0","MIT","https://github.com/esdoc/esdoc-plugins"
"esdoc-type-inference-plugin@1.0.2","MIT","https://github.com/esdoc/esdoc-plugins"
"esdoc@1.1.0","MIT","https://github.com/esdoc/esdoc"
"eslint-config-formio@1.1.4","MIT","https://github.com/formio/eslint-config-formio"
"eslint-config-prettier@6.15.0","MIT","https://github.com/prettier/eslint-config-prettier"
"eslint-scope@5.1.1","BSD-2-Clause","https://github.com/eslint/eslint-scope"
"eslint-utils@2.1.0","MIT","https://github.com/mysticatea/eslint-utils"
"eslint-visitor-keys@1.3.0","Apache-2.0","https://github.com/eslint/eslint-visitor-keys"
"eslint-visitor-keys@2.0.0","Apache-2.0","https://github.com/eslint/eslint-visitor-keys"
"eslint@7.20.0","MIT","https://github.com/eslint/eslint"
"esm@3.2.25","MIT","https://github.com/standard-things/esm"
"espree@7.3.1","BSD-2-Clause","https://github.com/eslint/espree"
"esprima@3.1.3","BSD-2-Clause","https://github.com/jquery/esprima"
"esprima@4.0.1","BSD-2-Clause","https://github.com/jquery/esprima"
"esquery@1.4.0","BSD-3-Clause","https://github.com/estools/esquery"
"esrecurse@4.3.0","BSD-2-Clause","https://github.com/estools/esrecurse"
"estraverse@4.3.0","BSD-2-Clause","https://github.com/estools/estraverse"
"estraverse@5.2.0","BSD-2-Clause","https://github.com/estools/estraverse"
"esutils@2.0.3","BSD-2-Clause","https://github.com/estools/esutils"
"etag@1.8.1","MIT","https://github.com/jshttp/etag"
"event-chain@0.0.1","MIT","https://github.com/zackurben/event-chain"
"event-emitter@0.3.4","MIT","https://github.com/medikoo/event-emitter"
"event-target-shim@5.0.1","MIT","https://github.com/mysticatea/event-target-shim"
"eventemitter2@1.0.5","MIT","https://github.com/hij1nx/EventEmitter2"
"eventemitter2@5.0.1","MIT","https://github.com/hij1nx/EventEmitter2"
"eventemitter2@6.4.3","MIT","https://github.com/hij1nx/EventEmitter2"
"eventemitter3@2.0.3","MIT","https://github.com/primus/eventemitter3"
"eventemitter3@4.0.7","MIT","https://github.com/primus/eventemitter3"
"execa@0.7.0","MIT","https://github.com/sindresorhus/execa"
"expand-brackets@2.1.4","MIT","https://github.com/jonschlinkert/expand-brackets"
"expand-tilde@2.0.2","MIT","https://github.com/jonschlinkert/expand-tilde"
"express@4.17.1","MIT","https://github.com/expressjs/express"
"ext@1.4.0","ISC","https://github.com/medikoo/es5-ext/tree/ext"
"extend-shallow@2.0.1","MIT","https://github.com/jonschlinkert/extend-shallow"
"extend-shallow@3.0.2","MIT","https://github.com/jonschlinkert/extend-shallow"
"extend@3.0.2","MIT","https://github.com/justmoon/node-extend"
"extendible@0.1.1","MIT","https://github.com/bigpipe/extendible"
"external-editor@2.2.0","MIT","https://github.com/mrkmg/node-external-editor"
"extglob@2.0.4","MIT","https://github.com/micromatch/extglob"
"extsprintf@1.3.0","MIT","https://github.com/davepacheco/node-extsprintf"
"extsprintf@1.4.0","MIT","https://github.com/davepacheco/node-extsprintf"
"eyes@0.1.8","MIT",""
"faker@5.4.0","MIT","https://github.com/Marak/Faker.js"
"fast-deep-equal@2.0.1","MIT","https://github.com/epoberezkin/fast-deep-equal"
"fast-deep-equal@3.1.3","MIT","https://github.com/epoberezkin/fast-deep-equal"
"fast-diff@1.2.0","Apache-2.0","https://github.com/jhchen/fast-diff"
"fast-glob@3.2.5","MIT","https://github.com/mrmlnc/fast-glob"
"fast-json-patch@2.2.1","MIT","https://github.com/Starcounter-Jack/JSON-Patch"
"fast-json-patch@3.0.0-1","MIT","https://github.com/Starcounter-Jack/JSON-Patch"
"fast-json-stable-stringify@2.1.0","MIT","https://github.com/epoberezkin/fast-json-stable-stringify"
"fast-levenshtein@2.0.6","MIT","https://github.com/hiddentao/fast-levenshtein"
"fastq@1.10.1","ISC","https://github.com/mcollina/fastq"
"fetch-ponyfill@7.1.0","MIT","https://github.com/qubyte/fetch-ponyfill"
"figures@2.0.0","MIT","https://github.com/sindresorhus/figures"
"file-entry-cache@6.0.0","MIT","https://github.com/royriojas/file-entry-cache"
"file-uri-to-path@1.0.0","MIT","https://github.com/TooTallNate/file-uri-to-path"
"fill-range@4.0.0","MIT","https://github.com/jonschlinkert/fill-range"
"fill-range@7.0.1","MIT","https://github.com/jonschlinkert/fill-range"
"finalhandler@1.1.2","MIT","https://github.com/pillarjs/finalhandler"
"find-up@2.1.0","MIT","https://github.com/sindresorhus/find-up"
"find-up@5.0.0","MIT","https://github.com/sindresorhus/find-up"
"findup-sync@3.0.0","MIT","https://github.com/gulpjs/findup-sync"
"fined@1.2.0","MIT","https://github.com/gulpjs/fined"
"flagged-respawn@1.0.1","MIT","https://github.com/gulpjs/flagged-respawn"
"flat-cache@3.0.4","MIT","https://github.com/royriojas/flat-cache"
"flat@5.0.2","BSD-3-Clause","https://github.com/hughsk/flat"
"flatpickr@4.6.6","MIT","https://github.com/chmln/flatpickr"
"flatpickr@4.6.9","MIT","https://github.com/chmln/flatpickr"
"flatted@3.1.1","ISC","https://github.com/WebReflection/flatted"
"follow-redirects@1.13.2","MIT","https://github.com/follow-redirects/follow-redirects"
"font-awesome@4.7.0","(OFL-1.1 AND MIT)","https://github.com/FortAwesome/Font-Awesome"
"for-in@1.0.2","MIT","https://github.com/jonschlinkert/for-in"
"for-own@1.0.0","MIT","https://github.com/jonschlinkert/for-own"
"foreach@2.0.5","MIT","https://github.com/manuelstofer/foreach"
"forever-agent@0.6.1","Apache-2.0","https://github.com/mikeal/forever-agent"
"form-data@1.0.0-rc4","MIT","https://github.com/form-data/form-data"
"form-data@2.3.3","MIT","https://github.com/form-data/form-data"
"form-data@2.5.1","MIT","https://github.com/form-data/form-data"
"form-data@3.0.1","MIT","https://github.com/form-data/form-data"
"formidable@1.2.2","MIT","https://github.com/node-formidable/formidable"
"formio-service@1.4.0","MIT",""
"formio-workers@1.14.10","MIT","https://github.com/formio/formio-workers"
"formiojs@2.32.3","MIT","https://github.com/formio/formio.js"
"formiojs@4.12.7","MIT","https://github.com/formio/formio.js"
"forwarded-for@1.1.0","MIT","https://github.com/primus/forwarded-for"
"forwarded@0.1.2","MIT","https://github.com/jshttp/forwarded"
"fragment-cache@0.2.1","MIT","https://github.com/jonschlinkert/fragment-cache"
"fresh@0.5.2","MIT","https://github.com/jshttp/fresh"
"fs-extra@5.0.0","MIT","https://github.com/jprichardson/node-fs-extra"
"fs-extra@9.1.0","MIT","https://github.com/jprichardson/node-fs-extra"
"fs.realpath@1.0.0","ISC","https://github.com/isaacs/fs.realpath"
"fsevents@2.3.2","MIT","https://github.com/fsevents/fsevents"
"ftp@0.3.10","MIT","https://github.com/mscdex/node-ftp"
"function-bind@1.1.1","MIT","https://github.com/Raynos/function-bind"
"functional-red-black-tree@1.0.1","MIT","https://github.com/mikolalysenko/functional-red-black-tree"
"fuse.js@2.7.4","Apache*","https://github.com/krisk/Fuse"
"fuse.js@3.6.1","Apache-2.0","https://github.com/krisk/Fuse"
"fusing@1.0.0","MIT","https://github.com/bigpipe/fusing"
"get-caller-file@1.0.3","ISC","https://github.com/stefanpenner/get-caller-file"
"get-caller-file@2.0.5","ISC","https://github.com/stefanpenner/get-caller-file"
"get-intrinsic@1.1.1","MIT","https://github.com/ljharb/get-intrinsic"
"get-stdin@6.0.0","MIT","https://github.com/sindresorhus/get-stdin"
"get-stream@3.0.0","MIT","https://github.com/sindresorhus/get-stream"
"get-uri@2.0.4","MIT","https://github.com/TooTallNate/node-get-uri"
"get-value@2.0.6","MIT","https://github.com/jonschlinkert/get-value"
"getopts@2.2.5","MIT","https://github.com/jorgebucaran/getopts"
"getpass@0.1.7","MIT","https://github.com/arekinath/node-getpass"
"glob-parent@5.1.1","ISC","https://github.com/gulpjs/glob-parent"
"glob@7.1.6","ISC","https://github.com/isaacs/node-glob"
"global-modules@1.0.0","MIT","https://github.com/jonschlinkert/global-modules"
"global-prefix@1.0.2","MIT","https://github.com/jonschlinkert/global-prefix"
"globals@12.4.0","MIT","https://github.com/sindresorhus/globals"
"globals@9.18.0","MIT","https://github.com/sindresorhus/globals"
"globby@11.0.2","MIT","https://github.com/sindresorhus/globby"
"graceful-fs@4.2.6","ISC","https://github.com/isaacs/node-graceful-fs"
"growl@1.10.5","MIT","https://github.com/tj/node-growl"
"har-schema@2.0.0","ISC","https://github.com/ahmadnassri/har-schema"
"har-validator@5.1.5","MIT","https://github.com/ahmadnassri/node-har-validator"
"has-ansi@2.0.0","MIT","https://github.com/sindresorhus/has-ansi"
"has-flag@3.0.0","MIT","https://github.com/sindresorhus/has-flag"
"has-flag@4.0.0","MIT","https://github.com/sindresorhus/has-flag"
"has-symbols@1.0.1","MIT","https://github.com/ljharb/has-symbols"
"has-value@0.3.1","MIT","https://github.com/jonschlinkert/has-value"
"has-value@1.0.0","MIT","https://github.com/jonschlinkert/has-value"
"has-values@0.1.4","MIT","https://github.com/jonschlinkert/has-values"
"has-values@1.0.0","MIT","https://github.com/jonschlinkert/has-values"
"has@1.0.3","MIT","https://github.com/tarruda/has"
"he@1.2.0","MIT","https://github.com/mathiasbynens/he"
"hoist-non-react-statics@2.5.5","BSD-3-Clause","https://github.com/mridgway/hoist-non-react-statics"
"homedir-polyfill@1.0.3","MIT","https://github.com/doowb/homedir-polyfill"
"hosted-git-info@2.8.8","ISC","https://github.com/npm/hosted-git-info"
"html-entities@2.1.0","MIT","https://github.com/mdevils/node-html-entities"
"htmlparser2-without-node-native@3.9.2","MIT","https://github.com/fb55/htmlparser2"
"htmlparser2@3.10.1","MIT","https://github.com/fb55/htmlparser2"
"htmlparser2@3.8.3","MIT","https://github.com/fb55/htmlparser2"
"http-errors@1.7.2","MIT","https://github.com/jshttp/http-errors"
"http-errors@1.7.3","MIT","https://github.com/jshttp/http-errors"
"http-proxy-agent@2.1.0","MIT","https://github.com/TooTallNate/node-http-proxy-agent"
"http-signature@1.2.0","MIT","https://github.com/joyent/node-http-signature"
"https-proxy-agent@3.0.1","MIT","https://github.com/TooTallNate/node-https-proxy-agent"
"https-proxy-agent@5.0.0","MIT","https://github.com/TooTallNate/node-https-proxy-agent"
"i18next@11.10.2","MIT","https://github.com/i18next/i18next"
"i18next@19.8.9","MIT","https://github.com/i18next/i18next"
"i@0.3.6","MIT","https://github.com/pksunkara/inflect"
"ice-cap@0.0.4","MIT","https://github.com/h13i32maru/ice-cap"
"iconv-lite@0.2.11","MIT","https://github.com/ashtuchkin/iconv-lite"
"iconv-lite@0.4.24","MIT","https://github.com/ashtuchkin/iconv-lite"
"iconv-lite@0.5.2","MIT","https://github.com/ashtuchkin/iconv-lite"
"iconv-lite@0.6.2","MIT","https://github.com/ashtuchkin/iconv-lite"
"idb@5.0.8","ISC","https://github.com/jakearchibald/idb"
"idb@6.0.0","ISC","https://github.com/jakearchibald/idb"
"ignore@4.0.6","MIT","https://github.com/kaelzhang/node-ignore"
"ignore@5.1.8","MIT","https://github.com/kaelzhang/node-ignore"
"import-fresh@3.3.0","MIT","https://github.com/sindresorhus/import-fresh"
"imurmurhash@0.1.4","MIT","https://github.com/jensyt/imurmurhash-js"
"inflection@1.12.0","MIT","https://github.com/dreamerslab/node.inflection"
"inflection@1.3.8","MIT","https://github.com/dreamerslab/node.inflection"
"inflight@1.0.6","ISC","https://github.com/npm/inflight"
"inherits@2.0.3","ISC","https://github.com/isaacs/inherits"
"inherits@2.0.4","ISC","https://github.com/isaacs/inherits"
"ini@1.3.8","ISC","https://github.com/isaacs/ini"
"inquirer@3.0.6","MIT","https://github.com/SBoudrias/Inquirer.js"
"interpret@2.2.0","MIT","https://github.com/gulpjs/interpret"
"invariant@2.2.4","MIT","https://github.com/zertosh/invariant"
"invert-kv@1.0.0","MIT","https://github.com/sindresorhus/invert-kv"
"ip@1.1.5","MIT","https://github.com/indutny/node-ip"
"ipaddr.js@1.9.1","MIT","https://github.com/whitequark/ipaddr.js"
"is-absolute@1.0.0","MIT","https://github.com/jonschlinkert/is-absolute"
"is-accessor-descriptor@0.1.6","MIT","https://github.com/jonschlinkert/is-accessor-descriptor"
"is-accessor-descriptor@1.0.0","MIT","https://github.com/jonschlinkert/is-accessor-descriptor"
"is-arguments@1.1.0","MIT","https://github.com/inspect-js/is-arguments"
"is-arrayish@0.2.1","MIT","https://github.com/qix-/node-is-arrayish"
"is-arrayish@0.3.2","MIT","https://github.com/qix-/node-is-arrayish"
"is-bigint@1.0.1","MIT","https://github.com/ljharb/is-bigint"
"is-binary-path@2.1.0","MIT","https://github.com/sindresorhus/is-binary-path"
"is-boolean-object@1.1.0","MIT","https://github.com/ljharb/is-boolean-object"
"is-buffer@1.1.6","MIT","https://github.com/feross/is-buffer"
"is-callable@1.2.3","MIT","https://github.com/ljharb/is-callable"
"is-core-module@2.2.0","MIT","https://github.com/inspect-js/is-core-module"
"is-data-descriptor@0.1.4","MIT","https://github.com/jonschlinkert/is-data-descriptor"
"is-data-descriptor@1.0.0","MIT","https://github.com/jonschlinkert/is-data-descriptor"
"is-date-object@1.0.2","MIT","https://github.com/ljharb/is-date-object"
"is-descriptor@0.1.6","MIT","https://github.com/jonschlinkert/is-descriptor"
"is-descriptor@1.0.2","MIT","https://github.com/jonschlinkert/is-descriptor"
"is-extendable@0.1.1","MIT","https://github.com/jonschlinkert/is-extendable"
"is-extendable@1.0.1","MIT","https://github.com/jonschlinkert/is-extendable"
"is-extglob@2.1.1","MIT","https://github.com/jonschlinkert/is-extglob"
"is-finite@1.1.0","MIT","https://github.com/sindresorhus/is-finite"
"is-fullwidth-code-point@1.0.0","MIT","https://github.com/sindresorhus/is-fullwidth-code-point"
"is-fullwidth-code-point@2.0.0","MIT","https://github.com/sindresorhus/is-fullwidth-code-point"
"is-fullwidth-code-point@3.0.0","MIT","https://github.com/sindresorhus/is-fullwidth-code-point"
"is-glob@4.0.1","MIT","https://github.com/micromatch/is-glob"
"is-map@2.0.2","MIT","https://github.com/inspect-js/is-map"
"is-negative-zero@2.0.1","MIT","https://github.com/inspect-js/is-negative-zero"
"is-number-object@1.0.4","MIT","https://github.com/inspect-js/is-number-object"
"is-number@3.0.0","MIT","https://github.com/jonschlinkert/is-number"
"is-number@7.0.0","MIT","https://github.com/jonschlinkert/is-number"
"is-plain-obj@2.1.0","MIT","https://github.com/sindresorhus/is-plain-obj"
"is-plain-object@2.0.4","MIT","https://github.com/jonschlinkert/is-plain-object"
"is-regex@1.1.2","MIT","https://github.com/inspect-js/is-regex"
"is-relative@1.0.0","MIT","https://github.com/jonschlinkert/is-relative"
"is-set@2.0.2","MIT","https://github.com/inspect-js/is-set"
"is-stream@1.1.0","MIT","https://github.com/sindresorhus/is-stream"
"is-string@1.0.5","MIT","https://github.com/ljharb/is-string"
"is-symbol@1.0.3","MIT","https://github.com/inspect-js/is-symbol"
"is-typed-array@1.1.5","MIT","https://github.com/inspect-js/is-typed-array"
"is-typedarray@1.0.0","MIT","https://github.com/hughsk/is-typedarray"
"is-unc-path@1.0.0","MIT","https://github.com/jonschlinkert/is-unc-path"
"is-weakmap@2.0.1","MIT","https://github.com/inspect-js/is-weakmap"
"is-weakset@2.0.1","MIT","https://github.com/inspect-js/is-weakset"
"is-windows@1.0.2","MIT","https://github.com/jonschlinkert/is-windows"
"is-wsl@1.1.0","MIT","https://github.com/sindresorhus/is-wsl"
"isarray@0.0.1","MIT","https://github.com/juliangruber/isarray"
"isarray@1.0.0","MIT","https://github.com/juliangruber/isarray"
"isarray@2.0.5","MIT","https://github.com/juliangruber/isarray"
"isexe@2.0.0","ISC","https://github.com/isaacs/isexe"
"ismobilejs@1.1.1","MIT","https://github.com/kaimallea/isMobile"
"isobject@2.1.0","MIT","https://github.com/jonschlinkert/isobject"
"isobject@3.0.1","MIT","https://github.com/jonschlinkert/isobject"
"isstream@0.1.2","MIT","https://github.com/rvagg/isstream"
"js-tokens@3.0.2","MIT","https://github.com/lydell/js-tokens"
"js-tokens@4.0.0","MIT","https://github.com/lydell/js-tokens"
"js-yaml@3.14.1","MIT","https://github.com/nodeca/js-yaml"
"js-yaml@4.0.0","MIT","https://github.com/nodeca/js-yaml"
"jsbi@3.1.4","Apache-2.0","https://github.com/GoogleChromeLabs/jsbi"
"jsbn@0.1.1","MIT","https://github.com/andyperlitch/jsbn"
"jsdom@7.2.2","MIT","https://github.com/tmpvar/jsdom"
"jsesc@1.3.0","MIT","https://github.com/mathiasbynens/jsesc"
"json-logic-js@1.2.3","MIT","https://github.com/jwadhams/json-logic-js"
"json-logic-js@2.0.0","MIT","https://github.com/jwadhams/json-logic-js"
"json-schema-traverse@0.4.1","MIT","https://github.com/epoberezkin/json-schema-traverse"
"json-schema-traverse@1.0.0","MIT","https://github.com/epoberezkin/json-schema-traverse"
"json-schema@0.2.3","AFLv2.1,BSD","https://github.com/kriszyp/json-schema"
"json-stable-stringify-without-jsonify@1.0.1","MIT","https://github.com/samn/json-stable-stringify"
"json-stringify-safe@5.0.1","ISC","https://github.com/isaacs/json-stringify-safe"
"json5@2.2.0","MIT","https://github.com/json5/json5"
"jsonfile@4.0.0","MIT","https://github.com/jprichardson/node-jsonfile"
"jsonfile@6.1.0","MIT","https://github.com/jprichardson/node-jsonfile"
"jsonparse@1.3.1","MIT","https://github.com/creationix/jsonparse"
"jsonwebtoken@8.5.1","MIT","https://github.com/auth0/node-jsonwebtoken"
"jsprim@1.4.1","MIT","https://github.com/joyent/node-jsprim"
"jstimezonedetect@1.0.7","MIT","https://github.com/pellepim/jstimezonedetect"
"jwa@1.4.1","MIT","https://github.com/brianloveswords/node-jwa"
"jws@3.2.2","MIT","https://github.com/brianloveswords/node-jws"
"jwt-decode@3.1.2","MIT","https://github.com/auth0/jwt-decode"
"kareem@2.3.2","Apache-2.0","https://github.com/vkarpov15/kareem"
"keycred@1.0.0","MIT","https://github.com/travist/keycred"
"kind-of@3.2.2","MIT","https://github.com/jonschlinkert/kind-of"
"kind-of@4.0.0","MIT","https://github.com/jonschlinkert/kind-of"
"kind-of@5.1.0","MIT","https://github.com/jonschlinkert/kind-of"
"kind-of@6.0.3","MIT","https://github.com/jonschlinkert/kind-of"
"knex@0.21.17","MIT","https://github.com/knex/knex"
"kuler@1.0.1","MIT","https://github.com/3rd-Eden/kuler"
"kuler@2.0.0","MIT","https://github.com/3rd-Eden/kuler"
"lazy-cache@1.0.4","MIT","https://github.com/jonschlinkert/lazy-cache"
"lcid@1.0.0","MIT","https://github.com/sindresorhus/lcid"
"levn@0.3.0","MIT","https://github.com/gkz/levn"
"levn@0.4.1","MIT","https://github.com/gkz/levn"
"liftoff@3.1.0","MIT","https://github.com/js-cli/js-liftoff"
"load-json-file@2.0.0","MIT","https://github.com/sindresorhus/load-json-file"
"locate-path@2.0.0","MIT","https://github.com/sindresorhus/locate-path"
"locate-path@6.0.0","MIT","https://github.com/sindresorhus/locate-path"
"lodash-es@4.17.20","MIT","https://github.com/lodash/lodash"
"lodash._basecallback@3.3.1","MIT","https://github.com/lodash/lodash"
"lodash._baseindexof@3.1.0","MIT","https://github.com/lodash/lodash"
"lodash._baseisequal@3.0.7","MIT","https://github.com/lodash/lodash"
"lodash._baseuniq@3.0.3","MIT","https://github.com/lodash/lodash"
"lodash._bindcallback@3.0.1","MIT","https://github.com/lodash/lodash"
"lodash._cacheindexof@3.0.2","MIT","https://github.com/lodash/lodash"
"lodash._createcache@3.1.2","MIT","https://github.com/lodash/lodash"
"lodash._getnative@3.9.1","MIT","https://github.com/lodash/lodash"
"lodash._isiterateecall@3.0.9","MIT","https://github.com/lodash/lodash"
"lodash.includes@4.3.0","MIT","https://github.com/lodash/lodash"
"lodash.isarguments@3.1.0","MIT","https://github.com/lodash/lodash"
"lodash.isarray@3.0.4","MIT","https://github.com/lodash/lodash"
"lodash.isboolean@3.0.3","MIT","https://github.com/lodash/lodash"
"lodash.isempty@4.4.0","MIT","https://github.com/lodash/lodash"
"lodash.isinteger@4.0.4","MIT","https://github.com/lodash/lodash"
"lodash.isnumber@3.0.3","MIT","https://github.com/lodash/lodash"
"lodash.isplainobject@4.0.6","MIT","https://github.com/lodash/lodash"
"lodash.isstring@4.0.1","MIT","https://github.com/lodash/lodash"
"lodash.istypedarray@3.0.6","MIT","https://github.com/lodash/lodash"
"lodash.keys@3.1.2","MIT","https://github.com/lodash/lodash"
"lodash.once@4.1.1","MIT","https://github.com/lodash/lodash"
"lodash.pairs@3.0.1","MIT","https://github.com/lodash/lodash"
"lodash.property@4.4.2","MIT","https://github.com/lodash/lodash"
"lodash.times@4.3.2","MIT","https://github.com/lodash/lodash"
"lodash.uniq@3.2.2","MIT","https://github.com/lodash/lodash"
"lodash@3.10.1","MIT","https://github.com/lodash/lodash"
"lodash@4.17.20","MIT","https://github.com/lodash/lodash"
"log-symbols@4.0.0","MIT","https://github.com/sindresorhus/log-symbols"
"longest@1.0.1","MIT","https://github.com/jonschlinkert/longest"
"loose-envify@1.4.0","MIT","https://github.com/zertosh/loose-envify"
"lru-cache@4.1.5","ISC","https://github.com/isaacs/node-lru-cache"
"lru-cache@5.1.1","ISC","https://github.com/isaacs/node-lru-cache"
"lru-cache@6.0.0","ISC","https://github.com/isaacs/node-lru-cache"
"mailgun-js@0.22.0","MIT","https://github.com/bojand/mailgun-js"
"make-error@1.3.6","ISC","https://github.com/JsCommunity/make-error"
"make-iterator@1.0.1","MIT","https://github.com/jonschlinkert/make-iterator"
"mandrill-api@1.0.45","Apache*","git+https://bitbucket.org/mailchimp/mandrill-api-node"
"map-cache@0.2.2","MIT","https://github.com/jonschlinkert/map-cache"
"map-visit@1.0.0","MIT","https://github.com/jonschlinkert/map-visit"
"marked@0.3.19","MIT","https://github.com/markedjs/marked"
"media-typer@0.3.0","MIT","https://github.com/jshttp/media-typer"
"mem@1.1.0","MIT","https://github.com/sindresorhus/mem"
"memory-cache@0.2.0","BSD-2-Clause","https://github.com/ptarjan/node-cache"
"memory-pager@1.5.0","MIT","https://github.com/mafintosh/memory-pager"
"merge-descriptors@1.0.1","MIT","https://github.com/component/merge-descriptors"
"merge2@1.4.1","MIT","https://github.com/teambition/merge2"
"method-override@2.3.10","MIT","https://github.com/expressjs/method-override"
"method-override@3.0.0","MIT","https://github.com/expressjs/method-override"
"methods@1.1.2","MIT","https://github.com/jshttp/methods"
"micromatch@3.1.10","MIT","https://github.com/micromatch/micromatch"
"micromatch@4.0.2","MIT","https://github.com/micromatch/micromatch"
"millisecond@0.1.2","MIT","https://github.com/unshiftio/millisecond"
"mime-db@1.46.0","MIT","https://github.com/jshttp/mime-db"
"mime-types@2.1.29","MIT","https://github.com/jshttp/mime-types"
"mime@1.6.0","MIT","https://github.com/broofa/node-mime"
"mimic-fn@1.2.0","MIT","https://github.com/sindresorhus/mimic-fn"
"minimatch@3.0.4","ISC","https://github.com/isaacs/minimatch"
"minimist@1.2.0","MIT","https://github.com/substack/minimist"
"minimist@1.2.5","MIT","https://github.com/substack/minimist"
"mixin-deep@1.3.2","MIT","https://github.com/jonschlinkert/mixin-deep"
"mixme@0.4.0","MIT","https://github.com/adaltas/node-mixme"
"mkdirp@0.5.5","MIT","https://github.com/substack/node-mkdirp"
"mocha@8.3.0","MIT","https://github.com/mochajs/mocha"
"moment-timezone@0.5.33","MIT","https://github.com/moment/moment-timezone"
"moment@2.29.1","MIT","https://github.com/moment/moment"
"mongodb@3.6.2","Apache-2.0","https://github.com/mongodb/node-mongodb-native"
"mongodb@3.6.4","Apache-2.0","https://github.com/mongodb/node-mongodb-native"
"mongoose-legacy-pluralize@1.0.2","Apache-2.0","https://github.com/vkarpov15/mongoose-legacy-pluralize"
"mongoose@5.11.17","MIT","https://github.com/Automattic/mongoose"
"mpath@0.8.3","MIT","https://github.com/aheckmann/mpath"
"mquery@3.2.4","MIT","https://github.com/aheckmann/mquery"
"ms@2.0.0","MIT","https://github.com/zeit/ms"
"ms@2.1.1","MIT","https://github.com/zeit/ms"
"ms@2.1.2","MIT","https://github.com/zeit/ms"
"ms@2.1.3","MIT","https://github.com/vercel/ms"
"mssql@6.3.1","MIT","https://github.com/tediousjs/node-mssql"
"multer@1.4.2","MIT","https://github.com/expressjs/multer"
"mute-stream@0.0.7","ISC","https://github.com/isaacs/mute-stream"
"mute-stream@0.0.8","ISC","https://github.com/isaacs/mute-stream"
"mysql@2.18.1","MIT","https://github.com/mysqljs/mysql"
"nanoid@3.1.20","MIT","https://github.com/ai/nanoid"
"nanomatch@1.2.13","MIT","https://github.com/micromatch/nanomatch"
"native-duplexpair@1.0.0","MIT","https://github.com/tediousjs/native-duplexpair"
"native-promise-only@0.8.1","MIT","https://github.com/getify/native-promise-only"
"natural-compare@1.4.0","MIT","https://github.com/litejs/natural-compare-lite"
"nconf@0.7.2","MIT*","https://github.com/flatiron/nconf"
"ncp@0.4.2","MIT","https://github.com/AvianFlu/ncp"
"negotiator@0.6.2","MIT","https://github.com/jshttp/negotiator"
"netmask@1.0.6","MIT","https://github.com/rs/node-netmask"
"next-tick@1.0.0","MIT","https://github.com/medikoo/next-tick"
"node-fetch@1.6.3","MIT","https://github.com/bitinn/node-fetch"
"node-fetch@2.6.1","MIT","https://github.com/bitinn/node-fetch"
"node-forge@0.6.49","(BSD-3-Clause OR GPL-2.0)","https://github.com/digitalbazaar/forge"
"node-paginate-anything@1.0.0","Custom: https://travis-ci.org/polo2ro/node-paginate-anything.svg","https://github.com/polo2ro/node-paginate-anything"
"node-uuid@1.4.8","MIT","https://github.com/broofa/node-uuid"
"nodemailer-mailgun-transport@2.0.2","MIT","https://github.com/orliesaurus/nodemailer-mailgun-transport"
"nodemailer-mandrill-transport@1.2.0","ISC","https://github.com/RebelMail/nodemailer-mandrill-transport"
"nodemailer-sendgrid-transport@0.2.0","MIT","https://github.com/sendgrid/nodemailer-sendgrid-transport"
"nodemailer@6.4.18","MIT","https://github.com/nodemailer/nodemailer"
"normalize-package-data@2.5.0","BSD-2-Clause","https://github.com/npm/normalize-package-data"
"normalize-path@3.0.0","MIT","https://github.com/jonschlinkert/normalize-path"
"npm-run-path@2.0.2","MIT","https://github.com/sindresorhus/npm-run-path"
"nth-check@1.0.2","BSD-2-Clause","https://github.com/fb55/nth-check"
"number-is-nan@1.0.1","MIT","https://github.com/sindresorhus/number-is-nan"
"nunjucks-date-filter@0.1.1","Apache-2.0","https://github.com/piwi/nunjucks-date-filter"
"nunjucks@3.2.3","BSD-2-Clause","https://github.com/mozilla/nunjucks"
"nwmatcher@1.4.4","MIT","https://github.com/dperini/nwmatcher"
"oauth-sign@0.9.0","Apache-2.0","https://github.com/mikeal/oauth-sign"
"object-assign@4.1.1","MIT","https://github.com/sindresorhus/object-assign"
"object-copy@0.1.0","MIT","https://github.com/jonschlinkert/object-copy"
"object-inspect@1.9.0","MIT","https://github.com/inspect-js/object-inspect"
"object-is@1.1.4","MIT","https://github.com/es-shims/object-is"
"object-keys@1.1.1","MIT","https://github.com/ljharb/object-keys"
"object-visit@1.0.1","MIT","https://github.com/jonschlinkert/object-visit"
"object.assign@4.1.2","MIT","https://github.com/ljharb/object.assign"
"object.defaults@1.1.0","MIT","https://github.com/jonschlinkert/object.defaults"
"object.map@1.0.1","MIT","https://github.com/jonschlinkert/object.map"
"object.pick@1.3.0","MIT","https://github.com/jonschlinkert/object.pick"
"on-finished@2.3.0","MIT","https://github.com/jshttp/on-finished"
"once@1.4.0","ISC","https://github.com/isaacs/once"
"onetime@2.0.1","MIT","https://github.com/sindresorhus/onetime"
"opencollective@1.0.3","MIT","https://github.com/opencollective/opencollective-cli"
"opn@4.0.2","MIT","https://github.com/sindresorhus/opn"
"opn@5.5.0","MIT","https://github.com/sindresorhus/opn"
"optionator@0.8.3","MIT","https://github.com/gkz/optionator"
"optionator@0.9.1","MIT","https://github.com/gkz/optionator"
"os-locale@2.1.0","MIT","https://github.com/sindresorhus/os-locale"
"os-tmpdir@1.0.2","MIT","https://github.com/sindresorhus/os-tmpdir"
"p-finally@1.0.0","MIT","https://github.com/sindresorhus/p-finally"
"p-limit@1.3.0","MIT","https://github.com/sindresorhus/p-limit"
"p-limit@3.1.0","MIT","https://github.com/sindresorhus/p-limit"
"p-locate@2.0.0","MIT","https://github.com/sindresorhus/p-locate"
"p-locate@5.0.0","MIT","https://github.com/sindresorhus/p-locate"
"p-try@1.0.0","MIT","https://github.com/sindresorhus/p-try"
"pac-proxy-agent@3.0.1","MIT","https://github.com/TooTallNate/node-pac-proxy-agent"
"pac-resolver@3.0.0","MIT","https://github.com/TooTallNate/node-pac-resolver"
"packet-reader@1.0.0","MIT","https://github.com/brianc/node-packet-reader"
"parchment@2.0.0-dev.2","BSD-3-Clause","https://github.com/quilljs/parchment"
"parent-module@1.0.1","MIT","https://github.com/sindresorhus/parent-module"
"parse-filepath@1.0.2","MIT","https://github.com/jonschlinkert/parse-filepath"
"parse-json@2.2.0","MIT","https://github.com/sindresorhus/parse-json"
"parse-passwd@1.0.0","MIT","https://github.com/doowb/parse-passwd"
"parse5@1.5.1","MIT","https://github.com/inikulin/parse5"
"parse5@3.0.3","MIT","https://github.com/inikulin/parse5"
"parseurl@1.3.3","MIT","https://github.com/pillarjs/parseurl"
"pascalcase@0.1.1","MIT","https://github.com/jonschlinkert/pascalcase"
"path-exists@3.0.0","MIT","https://github.com/sindresorhus/path-exists"
"path-exists@4.0.0","MIT","https://github.com/sindresorhus/path-exists"
"path-is-absolute@1.0.1","MIT","https://github.com/sindresorhus/path-is-absolute"
"path-key@2.0.1","MIT","https://github.com/sindresorhus/path-key"
"path-key@3.1.1","MIT","https://github.com/sindresorhus/path-key"
"path-parse@1.0.6","MIT","https://github.com/jbgutierrez/path-parse"
"path-proxy@1.0.0","MIT","https://github.com/jclem/path-proxy"
"path-root-regex@0.1.2","MIT","https://github.com/regexhq/path-root-regex"
"path-root@0.1.1","MIT","https://github.com/jonschlinkert/path-root"
"path-to-regexp@0.1.7","MIT","https://github.com/component/path-to-regexp"
"path-type@2.0.0","MIT","https://github.com/sindresorhus/path-type"
"path-type@4.0.0","MIT","https://github.com/sindresorhus/path-type"
"performance-now@2.1.0","MIT","https://github.com/braveg1rl/performance-now"
"pg-connection-string@2.4.0","MIT","https://github.com/brianc/node-postgres"
"pg-int8@1.0.1","ISC","https://github.com/charmander/pg-int8"
"pg-pool@3.2.2","MIT","https://github.com/brianc/node-postgres"
"pg-protocol@1.4.0","MIT",""
"pg-types@2.2.0","MIT","https://github.com/brianc/node-pg-types"
"pg@8.5.1","MIT","https://github.com/brianc/node-postgres"
"pgpass@1.0.4","MIT","https://github.com/hoegaarden/pgpass"
"picomatch@2.2.2","MIT","https://github.com/micromatch/picomatch"
"pify@2.3.0","MIT","https://github.com/sindresorhus/pify"
"pinkie-promise@2.0.1","MIT","https://github.com/floatdrop/pinkie-promise"
"pinkie@2.0.4","MIT","https://github.com/floatdrop/pinkie"
"pkginfo@0.3.1","MIT","https://github.com/indexzero/node-pkginfo"
"pkginfo@0.4.1","MIT","https://github.com/indexzero/node-pkginfo"
"popper.js@1.16.1","MIT","https://github.com/FezVrasta/popper.js"
"posix-character-classes@0.1.1","MIT","https://github.com/jonschlinkert/posix-character-classes"
"postgres-array@2.0.0","MIT","https://github.com/bendrucker/postgres-array"
"postgres-bytea@1.0.0","MIT","https://github.com/bendrucker/postgres-bytea"
"postgres-date@1.0.7","MIT","https://github.com/bendrucker/postgres-date"
"postgres-interval@1.2.0","MIT","https://github.com/bendrucker/postgres-interval"
"predefine@0.1.2","MIT","https://github.com/bigpipe/predefine"
"prelude-ls@1.1.2","MIT","https://github.com/gkz/prelude-ls"
"prelude-ls@1.2.1","MIT","https://github.com/gkz/prelude-ls"
"prettier@2.2.1","MIT","https://github.com/prettier/prettier"
"primus@7.3.5","MIT","https://github.com/primus/primus"
"process-nextick-args@2.0.1","MIT","https://github.com/calvinmetcalf/process-nextick-args"
"progress@2.0.3","MIT","https://github.com/visionmedia/node-progress"
"promisify-call@2.0.4","MIT","https://github.com/bojand/promisify-call"
"prompt@0.2.14","MIT*","https://github.com/flatiron/prompt"
"prop-types@15.7.2","MIT","https://github.com/facebook/prop-types"
"proxy-addr@2.0.6","MIT","https://github.com/jshttp/proxy-addr"
"proxy-agent@3.1.1","MIT","https://github.com/TooTallNate/node-proxy-agent"
"proxy-from-env@1.1.0","MIT","https://github.com/Rob--W/proxy-from-env"
"pseudomap@1.0.2","ISC","https://github.com/isaacs/pseudomap"
"psl@1.8.0","MIT","https://github.com/lupomontero/psl"
"punycode@2.1.1","MIT","https://github.com/bestiejs/punycode.js"
"q@1.5.1","MIT","https://github.com/kriskowal/q"
"qs@1.2.0","BSD","https://github.com/hapijs/qs"
"qs@6.5.2","BSD-3-Clause","https://github.com/ljharb/qs"
"qs@6.7.0","BSD-3-Clause","https://github.com/ljharb/qs"
"qs@6.9.6","BSD-3-Clause","https://github.com/ljharb/qs"
"queue-microtask@1.2.2","MIT","https://github.com/feross/queue-microtask"
"quill-delta@4.2.1","MIT","https://github.com/quilljs/delta"
"quill@2.0.0-dev.4","BSD-3-Clause","https://github.com/quilljs/quill"
"randombytes@2.1.0","MIT","https://github.com/crypto-browserify/randombytes"
"range-parser@1.2.1","MIT","https://github.com/jshttp/range-parser"
"raw-body@2.4.0","MIT","https://github.com/stream-utils/raw-body"
"raw-body@2.4.1","MIT","https://github.com/stream-utils/raw-body"
"react-is@16.13.1","MIT","https://github.com/facebook/react"
"react-native-animatable@1.3.3","MIT","https://github.com/oblador/react-native-animatable"
"react-native-device-info@0.22.6","MIT","https://github.com/rebeccahughes/react-native-device-info"
"react-native-elements@0.19.1","MIT","https://github.com/dabit3/React-Native-Elements"
"react-native-htmlview@0.13.0","ISC","https://github.com/jsdf/react-native-htmlview"
"react-native-material-buttons@0.5.0","BSD-3-Clause","https://github.com/n4kz/react-native-material-buttons"
"react-native-material-dropdown@0.11.1","BSD-3-Clause","https://github.com/n4kz/react-native-material-dropdown"
"react-native-material-ripple@0.7.5","BSD-3-Clause","https://github.com/n4kz/react-native-material-ripple"
"react-native-material-ripple@0.8.0","BSD-3-Clause","https://github.com/n4kz/react-native-material-ripple"
"react-native-material-textfield@0.12.0","BSD-3-Clause","https://github.com/n4kz/react-native-material-textfield"
"react-native-modal-datetime-picker@6.1.0","ISC","https://github.com/mmazzarolo/react-native-modal-datetime-picker"
"react-native-modal@9.0.0","MIT","https://github.com/react-native-community/react-native-modal"
"react-native-multiple-select@0.4.4","MIT","https://github.com/toystars/react-native-multiple-select"
"react-native-select-multiple@1.2.0","ISC","https://github.com/tableflip/react-native-select-multiple"
"react-native-signature-capture@0.4.11","ISC","https://github.com/RepairShopr/react-native-signature-capture"
"react-native-simple-radio-button@2.7.4","MIT","https://github.com/moschan/react-native-simple-radio-button"
"react-native-vector-icons@4.6.0","MIT","https://github.com/oblador/react-native-vector-icons"
"react-shallow-equal@0.1.1","MIT","https://github.com/Vlad-Zhukov/react-shallow-equal"
"react-text-mask-hoc@0.10.6","MIT","https://github.com/Vlad-Zhukov/react-text-mask-hoc"
"read-pkg-up@2.0.0","MIT","https://github.com/sindresorhus/read-pkg-up"
"read-pkg@2.0.0","MIT","https://github.com/sindresorhus/read-pkg"
"read@1.0.7","ISC","https://github.com/isaacs/read"
"readable-stream@1.1.13","MIT","https://github.com/isaacs/readable-stream"
"readable-stream@1.1.14","MIT","https://github.com/isaacs/readable-stream"
"readable-stream@2.3.7","MIT","https://github.com/nodejs/readable-stream"
"readable-stream@3.6.0","MIT","https://github.com/nodejs/readable-stream"
"readdirp@3.5.0","MIT","https://github.com/paulmillr/readdirp"
"rechoir@0.6.2","MIT","https://github.com/tkellen/node-rechoir"
"redux@3.7.2","MIT","https://github.com/reactjs/redux"
"redux@4.0.5","MIT","https://github.com/reduxjs/redux"
"regenerator-runtime@0.10.5","MIT","https://github.com/facebook/regenerator/tree/master/packages/regenerator-runtime"
"regenerator-runtime@0.11.1","MIT","https://github.com/facebook/regenerator/tree/master/packages/regenerator-runtime"
"regenerator-runtime@0.13.7","MIT","https://github.com/facebook/regenerator/tree/master/packages/regenerator-runtime"
"regex-not@1.0.2","MIT","https://github.com/jonschlinkert/regex-not"
"regexp-clone@1.0.0","MIT","https://github.com/aheckmann/regexp-clone"
"regexp.prototype.flags@1.3.1","MIT","https://github.com/es-shims/RegExp.prototype.flags"
"regexpp@3.1.0","MIT","https://github.com/mysticatea/regexpp"
"repeat-element@1.1.3","MIT","https://github.com/jonschlinkert/repeat-element"
"repeat-string@1.6.1","MIT","https://github.com/jonschlinkert/repeat-string"
"repeating@2.0.1","MIT","https://github.com/sindresorhus/repeating"
"request@2.88.2","Apache-2.0","https://github.com/request/request"
"require-directory@2.1.1","MIT","https://github.com/troygoode/node-require-directory"
"require-from-string@2.0.2","MIT","https://github.com/floatdrop/require-from-string"
"require-main-filename@1.0.1","ISC","https://github.com/yargs/require-main-filename"
"require_optional@1.0.1","Apache-2.0","https://github.com/christkv/require_optional"
"resize-observer-polyfill@1.5.1","MIT","https://github.com/que-etc/resize-observer-polyfill"
"resolve-dir@1.0.1","MIT","https://github.com/jonschlinkert/resolve-dir"
"resolve-from@2.0.0","MIT","https://github.com/sindresorhus/resolve-from"
"resolve-from@4.0.0","MIT","https://github.com/sindresorhus/resolve-from"
"resolve-url@0.2.1","MIT","https://github.com/lydell/resolve-url"
"resolve@1.20.0","MIT","https://github.com/browserify/resolve"
"resourcejs@2.3.3","MIT","https://github.com/travist/resourcejs"
"resquel@2.0.1","ISC",""
"restler@3.4.0","MIT","https://github.com/danwrong/restler"
"restore-cursor@2.0.0","MIT","https://github.com/sindresorhus/restore-cursor"
"ret@0.1.15","MIT","https://github.com/fent/ret.js"
"reusify@1.0.4","MIT","https://github.com/mcollina/reusify"
"revalidator@0.1.8","Apache*","https://github.com/flatiron/revalidator"
"right-align@0.1.3","MIT","https://github.com/jonschlinkert/right-align"
"rimraf@2.7.1","ISC","https://github.com/isaacs/rimraf"
"rimraf@3.0.2","ISC","https://github.com/isaacs/rimraf"
"rn-tooltip@1.3.0","MIT","https://github.com/AndreiCalazans/rn-tooltip"
"run-async@2.4.1","MIT","https://github.com/SBoudrias/run-async"
"run-parallel@1.2.0","MIT","https://github.com/feross/run-parallel"
"rx@4.1.0","Apache-2.0","https://github.com/Reactive-Extensions/RxJS"
"safe-buffer@5.1.2","MIT","https://github.com/feross/safe-buffer"
"safe-buffer@5.2.1","MIT","https://github.com/feross/safe-buffer"
"safe-regex@1.1.0","MIT","https://github.com/substack/safe-regex"
"safer-buffer@2.1.2","MIT","https://github.com/ChALkeR/safer-buffer"
"saslprep@1.0.3","MIT","https://github.com/reklatsmasters/saslprep"
"sax@0.5.8","BSD*","https://github.com/isaacs/sax-js"
"sax@1.2.4","ISC","https://github.com/isaacs/sax-js"
"seamless@1.4.1","MIT*",""
"semver@5.7.1","ISC","https://github.com/npm/node-semver"
"semver@7.3.4","ISC","https://github.com/npm/node-semver"
"send@0.17.1","MIT","https://github.com/pillarjs/send"
"sendgrid@1.9.2","MIT","https://github.com/sendgrid/sendgrid-nodejs"
"serialize-javascript@5.0.1","BSD-3-Clause","https://github.com/yahoo/serialize-javascript"
"serve-static@1.14.1","MIT","https://github.com/expressjs/serve-static"
"set-blocking@2.0.0","ISC","https://github.com/yargs/set-blocking"
"set-value@2.0.1","MIT","https://github.com/jonschlinkert/set-value"
"setheader@1.0.2","MIT","https://github.com/3rd-Eden/setHeader"
"setprototypeof@1.1.1","ISC","https://github.com/wesleytodd/setprototypeof"
"shallow-copy@0.0.1","MIT","https://github.com/substack/shallow-copy"
"shebang-command@1.2.0","MIT","https://github.com/kevva/shebang-command"
"shebang-command@2.0.0","MIT","https://github.com/kevva/shebang-command"
"shebang-regex@1.0.0","MIT","https://github.com/sindresorhus/shebang-regex"
"shebang-regex@3.0.0","MIT","https://github.com/sindresorhus/shebang-regex"
"side-channel@1.0.4","MIT","https://github.com/ljharb/side-channel"
"sift@7.0.1","MIT","https://github.com/crcn/sift.js"
"signal-exit@3.0.3","ISC","https://github.com/tapjs/signal-exit"
"signature_pad@2.3.2","MIT","https://github.com/szimek/signature_pad"
"simple-swizzle@0.2.2","MIT","https://github.com/qix-/node-simple-swizzle"
"slash@3.0.0","MIT","https://github.com/sindresorhus/slash"
"slice-ansi@4.0.0","MIT","https://github.com/chalk/slice-ansi"
"sliced@1.0.1","MIT","https://github.com/aheckmann/sliced"
"smart-buffer@4.1.0","MIT","https://github.com/JoshGlazebrook/smart-buffer"
"smtpapi@1.4.4","BSD*","https://github.com/sendgrid/smtpapi-nodejs"
"snapdragon-node@2.1.1","MIT","https://github.com/jonschlinkert/snapdragon-node"
"snapdragon-util@3.0.1","MIT","https://github.com/jonschlinkert/snapdragon-util"
"snapdragon@0.8.2","MIT","https://github.com/jonschlinkert/snapdragon"
"socks-proxy-agent@4.0.2","MIT","https://github.com/TooTallNate/node-socks-proxy-agent"
"socks@2.3.3","MIT","https://github.com/JoshGlazebrook/socks"
"source-map-resolve@0.5.3","MIT","https://github.com/lydell/source-map-resolve"
"source-map-support@0.5.19","MIT","https://github.com/evanw/node-source-map-support"
"source-map-url@0.4.1","MIT","https://github.com/lydell/source-map-url"
"source-map@0.5.7","BSD-3-Clause","https://github.com/mozilla/source-map"
"source-map@0.6.1","BSD-3-Clause","https://github.com/mozilla/source-map"
"sparse-bitfield@3.0.3","MIT","https://github.com/mafintosh/sparse-bitfield"
"spdx-correct@3.1.1","Apache-2.0","https://github.com/jslicense/spdx-correct.js"
"spdx-exceptions@2.3.0","CC-BY-3.0","https://github.com/kemitchell/spdx-exceptions.json"
"spdx-expression-parse@3.0.1","MIT","https://github.com/jslicense/spdx-expression-parse.js"
"spdx-license-ids@3.0.7","CC0-1.0","https://github.com/jslicense/spdx-license-ids"
"split-string@3.1.0","MIT","https://github.com/jonschlinkert/split-string"
"split2@3.2.2","ISC","https://github.com/mcollina/split2"
"sprintf-js@1.0.3","BSD-3-Clause","https://github.com/alexei/sprintf.js"
"sprintf-js@1.1.2","BSD-3-Clause","https://github.com/alexei/sprintf.js"
"sqlstring@2.3.1","MIT","https://github.com/mysqljs/sqlstring"
"sshpk@1.16.1","MIT","https://github.com/joyent/node-sshpk"
"stack-trace@0.0.10","MIT","https://github.com/felixge/node-stack-trace"
"static-extend@0.1.2","MIT","https://github.com/jonschlinkert/static-extend"
"statuses@1.5.0","MIT","https://github.com/jshttp/statuses"
"storage-engine@3.0.7","MIT","https://github.com/3rd-Eden/storage-engine"
"stream-transform@2.0.4","MIT","https://github.com/adaltas/node-stream-transform"
"streamsearch@0.1.2","MIT","https://github.com/mscdex/streamsearch"
"string-hash@1.1.3","CC0-1.0","https://github.com/darkskyapp/string-hash"
"string-width@1.0.2","MIT","https://github.com/sindresorhus/string-width"
"string-width@2.1.1","MIT","https://github.com/sindresorhus/string-width"
"string-width@4.2.0","MIT","https://github.com/sindresorhus/string-width"
"string.prototype.trimend@1.0.3","MIT","https://github.com/es-shims/String.prototype.trimEnd"
"string.prototype.trimstart@1.0.3","MIT","https://github.com/es-shims/String.prototype.trimStart"
"string_decoder@0.10.31","MIT","https://github.com/rvagg/string_decoder"
"string_decoder@1.1.1","MIT","https://github.com/nodejs/string_decoder"
"string_decoder@1.3.0","MIT","https://github.com/nodejs/string_decoder"
"strip-ansi@3.0.1","MIT","https://github.com/chalk/strip-ansi"
"strip-ansi@4.0.0","MIT","https://github.com/chalk/strip-ansi"
"strip-ansi@6.0.0","MIT","https://github.com/chalk/strip-ansi"
"strip-bom@3.0.0","MIT","https://github.com/sindresorhus/strip-bom"
"strip-eof@1.0.0","MIT","https://github.com/sindresorhus/strip-eof"
"strip-json-comments@3.1.1","MIT","https://github.com/sindresorhus/strip-json-comments"
"style-equal@1.0.0","MIT","https://github.com/lelandrichardson/style-equal"
"superagent-retry@0.6.0","MIT*","https://github.com/segmentio/superagent-retry"
"superagent@2.3.0","MIT","https://github.com/visionmedia/superagent"
"superagent@3.8.2","MIT","https://github.com/visionmedia/superagent"
"supertest@2.0.1","MIT","https://github.com/visionmedia/supertest"
"supports-color@2.0.0","MIT","https://github.com/chalk/supports-color"
"supports-color@5.5.0","MIT","https://github.com/chalk/supports-color"
"supports-color@7.2.0","MIT","https://github.com/chalk/supports-color"
"supports-color@8.1.1","MIT","https://github.com/chalk/supports-color"
"symbol-observable@1.2.0","MIT","https://github.com/blesh/symbol-observable"
"symbol-tree@3.2.4","MIT","https://github.com/jsdom/js-symbol-tree"
"table@6.0.7","BSD-3-Clause","https://github.com/gajus/table"
"taffydb@2.7.3","BSD-2-Clause","https://github.com/typicaljoe/taffydb"
"tarn@1.1.5","MIT","https://github.com/vincit/tarn.js"
"tarn@3.0.1","MIT","https://github.com/vincit/tarn.js"
"tedious@6.7.0","MIT","https://github.com/tediousjs/tedious"
"text-hex@1.0.0","MIT","https://github.com/3rd-Eden/text-hex"
"text-mask-addons@3.8.0","Unlicense","https://github.com/text-mask/text-mask"
"text-mask-all@0.3.0","Unlicense","https://github.com/text-mask/text-mask"
"text-table@0.2.0","MIT","https://github.com/substack/text-table"
"threads@0.12.1","MIT","https://github.com/andywer/thread.js"
"through@2.3.8","MIT","https://github.com/dominictarr/through"
"thunkify@2.1.2","MIT","https://github.com/visionmedia/node-thunkify"
"ticky@1.0.1","MIT","https://github.com/bevacqua/ticky"
"tildify@2.0.0","MIT","https://github.com/sindresorhus/tildify"
"tmp@0.0.33","MIT","https://github.com/raszi/node-tmp"
"to-fast-properties@1.0.3","MIT","https://github.com/sindresorhus/to-fast-properties"
"to-object-path@0.3.0","MIT","https://github.com/jonschlinkert/to-object-path"
"to-regex-range@2.1.1","MIT","https://github.com/micromatch/to-regex-range"
"to-regex-range@5.0.1","MIT","https://github.com/micromatch/to-regex-range"
"to-regex@3.0.2","MIT","https://github.com/jonschlinkert/to-regex"
"toidentifier@1.0.0","MIT","https://github.com/component/toidentifier"
"tooltip.js@1.3.3","MIT","https://github.com/FezVrasta/popper.js"
"tough-cookie@2.5.0","BSD-3-Clause","https://github.com/salesforce/tough-cookie"
"tr46@0.0.3","MIT","https://github.com/Sebmaster/tr46.js"
"trim-right@1.0.1","MIT","https://github.com/sindresorhus/trim-right"
"ts-node@8.10.2","MIT","https://github.com/TypeStrong/ts-node"
"tslib@1.14.1","0BSD","https://github.com/Microsoft/tslib"
"tslib@2.1.0","0BSD","https://github.com/Microsoft/tslib"
"tsscmp@1.0.6","MIT","https://github.com/suryagh/tsscmp"
"tsutils@3.20.0","MIT","https://github.com/ajafff/tsutils"
"tunnel-agent@0.6.0","Apache-2.0","https://github.com/mikeal/tunnel-agent"
"tunnel@0.0.6","MIT","https://github.com/koichik/node-tunnel"
"tweetnacl@0.14.5","Unlicense","https://github.com/dchest/tweetnacl-js"
"type-check@0.3.2","MIT","https://github.com/gkz/type-check"
"type-check@0.4.0","MIT","https://github.com/gkz/type-check"
"type-detect@0.1.1","MIT","https://github.com/chaijs/type-detect"
"type-fest@0.8.1","(MIT OR CC0-1.0)","https://github.com/sindresorhus/type-fest"
"type-is@1.6.18","MIT","https://github.com/jshttp/type-is"
"type@1.2.0","ISC","https://github.com/medikoo/type"
"type@2.3.0","ISC","https://github.com/medikoo/type"
"typedarray@0.0.6","MIT","https://github.com/substack/typedarray"
"typescript@3.9.9","Apache-2.0","https://github.com/Microsoft/TypeScript"
"ultron@1.1.1","MIT","https://github.com/unshiftio/ultron"
"unc-path-regex@0.1.2","MIT","https://github.com/regexhq/unc-path-regex"
"underscore@1.12.0","MIT","https://github.com/jashkenas/underscore"
"union-value@1.0.1","MIT","https://github.com/jonschlinkert/union-value"
"universal-analytics@0.4.23","MIT","https://github.com/peaksandpies/universal-analytics"
"universalify@0.1.2","MIT","https://github.com/RyanZim/universalify"
"universalify@2.0.0","MIT","https://github.com/RyanZim/universalify"
"unpipe@1.0.0","MIT","https://github.com/stream-utils/unpipe"
"unset-value@1.0.0","MIT","https://github.com/jonschlinkert/unset-value"
"uri-js@4.4.1","BSD-2-Clause","https://github.com/garycourt/uri-js"
"urix@0.1.0","MIT","https://github.com/lydell/urix"
"use@3.1.1","MIT","https://github.com/jonschlinkert/use"
"util-deprecate@1.0.2","MIT","https://github.com/TooTallNate/util-deprecate"
"utile@0.2.1","MIT*","https://github.com/flatiron/utile"
"utils-merge@1.0.1","MIT","https://github.com/jaredhanson/utils-merge"
"uuid@3.4.0","MIT","https://github.com/uuidjs/uuid"
"uuid@8.3.2","MIT","https://github.com/uuidjs/uuid"
"v8-compile-cache@2.2.0","MIT","https://github.com/zertosh/v8-compile-cache"
"v8flags@3.2.0","MIT","https://github.com/gulpjs/v8flags"
"validate-npm-package-license@3.0.4","Apache-2.0","https://github.com/kemitchell/validate-npm-package-license.js"
"vanilla-picker@2.11.2","ISC","https://github.com/Sphinxxxx/vanilla-picker"
"vanilla-text-mask@5.1.1","Unlicense","https://github.com/text-mask/text-mask"
"vary@1.1.2","MIT","https://github.com/jshttp/vary"
"verror@1.10.0","MIT","https://github.com/davepacheco/node-verror"
"vue-class-component@7.2.6","MIT","https://github.com/vuejs/vue-class-component"
"vue-property-decorator@8.5.1","MIT","https://github.com/kaorun343/vue-property-decorator"
"vue@2.6.12","MIT","https://github.com/vuejs/vue"
"webidl-conversions@2.0.1","BSD-2-Clause","https://github.com/jsdom/webidl-conversions"
"whatwg-fetch@2.0.4","MIT","https://github.com/github/fetch"
"whatwg-url-compat@0.6.5","MIT","https://github.com/jsdom/whatwg-url"
"which-boxed-primitive@1.0.2","MIT","https://github.com/inspect-js/which-boxed-primitive"
"which-collection@1.0.1","MIT","https://github.com/inspect-js/which-collection"
"which-module@2.0.0","ISC","https://github.com/nexdrew/which-module"
"which-typed-array@1.1.4","MIT","https://github.com/inspect-js/which-typed-array"
"which@1.3.1","ISC","https://github.com/isaacs/node-which"
"which@2.0.2","ISC","https://github.com/isaacs/node-which"
"wide-align@1.1.3","ISC","https://github.com/iarna/wide-align"
"window-size@0.1.4","MIT","https://github.com/jonschlinkert/window-size"
"winston@0.8.3","MIT","https://github.com/flatiron/winston"
"with-callback@1.0.2","MIT","https://github.com/dbrockman/with-callback"
"word-wrap@1.2.3","MIT","https://github.com/jonschlinkert/word-wrap"
"wordwrap@0.0.2","MIT*","https://github.com/substack/node-wordwrap"
"workerpool@6.1.0","Apache-2.0","https://github.com/josdejong/workerpool"
"wrap-ansi@2.1.0","MIT","https://github.com/chalk/wrap-ansi"
"wrap-ansi@7.0.0","MIT","https://github.com/chalk/wrap-ansi"
"wrappy@1.0.2","ISC","https://github.com/npm/wrappy"
"ws@5.2.2","MIT","https://github.com/websockets/ws"
"xml-name-validator@2.0.1","WTFPL","https://github.com/jsdom/xml-name-validator"
"xml2js@0.4.0","MIT","https://github.com/Leonidas-from-XIV/node-xml2js"
"xml2js@0.4.23","MIT","https://github.com/Leonidas-from-XIV/node-xml2js"
"xmlbuilder@11.0.1","MIT","https://github.com/oozcitak/xmlbuilder-js"
"xmlbuilder@15.1.1","MIT","https://github.com/oozcitak/xmlbuilder-js"
"xmldom@0.4.0","(LGPL-2.0 OR MIT)","https://github.com/xmldom/xmldom"
"xpath.js@1.1.0","MIT","https://github.com/yaronn/xpath.js"
"xregexp@2.0.0","MIT","https://github.com/slevithan/XRegExp"
"xtend@4.0.2","MIT","https://github.com/Raynos/xtend"
"y18n@3.2.2","ISC","https://github.com/yargs/y18n"
"y18n@5.0.5","ISC","https://github.com/yargs/y18n"
"yallist@2.1.2","ISC","https://github.com/isaacs/yallist"
"yallist@3.1.1","ISC","https://github.com/isaacs/yallist"
"yallist@4.0.0","ISC","https://github.com/isaacs/yallist"
"yaml@0.2.3","MIT*",""
"yargs-parser@20.2.4","ISC","https://github.com/yargs/yargs-parser"
"yargs-parser@20.2.5","ISC","https://github.com/yargs/yargs-parser"
"yargs-parser@7.0.0","ISC","https://github.com/yargs/yargs-parser"
"yargs-unparser@2.0.0","MIT","https://github.com/yargs/yargs-unparser"
"yargs@16.2.0","MIT","https://github.com/yargs/yargs"
"yargs@3.15.0","MIT","https://github.com/bcoe/yargs"
"yargs@8.0.2","MIT","https://github.com/yargs/yargs"
"yn@3.1.1","MIT","https://github.com/sindresorhus/yn"
"yocto-queue@0.1.0","MIT","https://github.com/sindresorhus/yocto-queue"
